{"acc_stats": [0.7708333333333334, 0.14282613750835507], "topk_acc_stats": [0.8125, 0.10825317547305482], "topk": 4, "entropys": [0.0066323653316573946, 0.0071345797180952285, 0.007582605108601222, 0.007779029315421435, 0.008156614519493746, 0.008276467255279103, 0.008497403026335315, 0.00871511863548589, 0.00887506995766893, 0.008925798640385365, 0.00914911006358657, 0.009186968148117008, 0.009402756519193827, 0.00950768921178088, 0.00962327827537319, 0.009756048815559724, 0.009830673867286163, 0.009928968132342128, 0.01000811936805223, 0.010038936392944568, 0.010092893745624998, 0.01014572057661619, 0.0101985033703207, 0.010241561144123681], "acc": [0.75, 0.75, 1.0, 1.0, 1.0, 0.75, 1.0, 0.75, 0.75, 0.75, 0.75, 0.75, 0.5, 0.5, 0.75, 0.5, 0.75, 0.75, 0.75, 0.75, 0.75, 1.0, 0.75, 0.75], "pearsonr_corr": [-0.33447507583738095, 0.11015055574129479], "spearmanr_corr": [-0.2901980100529355, 0.16894679989556136]}